{"dreamer": 64.28571428571429, "social": 21.42857142857143, "achiever": 14.285714285714286}
