{"dreamer": 15.384615384615385, "social": 69.23076923076923, "achiever": 15.384615384615385}

