{"dreamer": 7.142857142857143, "social": 21.42857142857143, "achiever": 71.42857142857143}
